filename,before,after
PEI_12_80710869.tif,0,0
PEI_12_80710880.tif,0,0
PEI_12_80710891.tif,0,0
PEI_12_80710902.tif,0,0
PEI_12_80710913.tif,0,0
PEI_12_80710924.tif,0,0
PEI_12_80710935.tif,0,0
PEI_12_80710946.tif,0,0
PEI_12_80710957.tif,0,0
PEI_12_80710968.tif,0,0
PEI_12_80710979.tif,0,0
PEI_12_80710990.tif,0,0
PEI_12_80711001.tif,0,0
PEI_12_80711012.tif,0,0
PEI_12_80711023.tif,0,0
PEI_12_80711034.tif,0,0
PEI_12_80711045.tif,0,0
PEI_12_80711056.tif,0,0
PEI_12_80711067.tif,0,0
PEI_12_80711078.tif,0,0
PEI_12_80711089.tif,0,0
PEI_12_80711100.tif,0,0
PEI_12_80711111.tif,0,0
PEI_12_80711122.tif,0,0
PEI_12_80711133.tif,0,0
PEI_12_80711144.tif,0,0
PEI_12_80711155.tif,0,0
PEI_12_80711166.tif,0,0
PEI_12_80711177.tif,0,0
PEI_12_80711188.tif,0,0
PEI_12_80711199.tif,0,0
PEI_12_80711210.tif,0,0
PEI_12_80711221.tif,0,0
PEI_12_80711232.tif,0,0
PEI_12_80711243.tif,0,0
PEI_12_80711254.tif,0,0
PEI_12_80711265.tif,0,0
PEI_12_80711276.tif,0,0
PEI_12_80711287.tif,0,0
PEI_12_80711298.tif,0,0
PEI_12_80711309.tif,0,0
PEI_12_80711320.tif,0,0
PEI_12_80711331.tif,0,0
PEI_12_80711342.tif,0,0
PEI_12_80711353.tif,0,0
PEI_12_80711364.tif,0,0
PEI_12_80711375.tif,0,0
PEI_12_80711386.tif,0,0
PEI_12_80711397.tif,0,0
PEI_12_80711408.tif,0,0
PEI_12_80711419.tif,0,0
PEI_12_80711430.tif,0,0
PEI_12_80711441.tif,0,0
PEI_12_80711452.tif,0,0
PEI_12_80711463.tif,1,1
PEI_12_80711474.tif,1,1
PEI_12_80711485.tif,1,1
PEI_12_80711496.tif,1,1
PEI_12_80711507.tif,1,1
PEI_12_80711518.tif,1,1
PEI_12_80711529.tif,1,1
PEI_12_80711540.tif,1,1
PEI_12_80711551.tif,0,0
PEI_12_80711562.tif,0,0
PEI_12_80711573.tif,0,0
PEI_12_80711584.tif,0,0
PEI_12_80711595.tif,0,0
PEI_12_80711606.tif,0,0
PEI_12_80711617.tif,0,0
PEI_12_80711628.tif,0,0
PEI_12_80711639.tif,0,0
PEI_12_80711650.tif,0,0
PEI_12_80711661.tif,0,0
PEI_12_80711672.tif,0,0
PEI_12_80711683.tif,0,0
PEI_12_80711694.tif,0,0
PEI_12_80711705.tif,0,0
PEI_12_80711716.tif,0,0
PEI_12_80711727.tif,0,0
PEI_12_80711738.tif,0,0
PEI_12_80711749.tif,0,0
PEI_12_80711760.tif,0,0
PEI_12_80711771.tif,0,0
PEI_12_80711782.tif,0,0
PEI_12_80711793.tif,0,0
PEI_12_80711804.tif,0,0
PEI_12_80711815.tif,0,0
PEI_12_80711826.tif,0,0
PEI_12_80711837.tif,0,0
PEI_12_80711848.tif,0,0
PEI_12_80711859.tif,0,0
PEI_12_80711870.tif,0,0
PEI_12_80711881.tif,0,0
PEI_12_80711892.tif,0,0
PEI_12_80711903.tif,0,0
PEI_12_80711914.tif,0,0
PEI_12_80711925.tif,0,0
PEI_12_80711936.tif,0,0
PEI_12_80711947.tif,0,0
PEI_12_80711958.tif,0,0
PEI_12_80711969.tif,0,0
PEI_12_80711980.tif,0,0
PEI_12_80711991.tif,0,0
PEI_12_80712002.tif,0,0
PEI_12_80712013.tif,0,0
PEI_12_80712024.tif,0,0
PEI_12_80712035.tif,0,0
PEI_12_80712046.tif,0,0
PEI_12_80712057.tif,0,0
PEI_12_80712068.tif,0,0
PEI_12_80712079.tif,0,0
PEI_12_80712090.tif,0,0
PEI_14_83086518.tif,0,0
PEI_14_83086529.tif,0,0
PEI_14_83086540.tif,0,0
PEI_14_83086551.tif,0,0
PEI_14_83086562.tif,0,0
PEI_14_83086573.tif,0,0
PEI_14_83086584.tif,0,0
PEI_14_83086595.tif,0,0
PEI_14_83086606.tif,0,0
PEI_14_83086617.tif,0,0
PEI_14_83086628.tif,0,0
PEI_14_83086639.tif,0,0
PEI_14_83086650.tif,0,0
PEI_14_83086661.tif,0,0
PEI_14_83086672.tif,0,0
PEI_14_83086683.tif,0,0
PEI_14_83086694.tif,0,0
PEI_14_83086705.tif,0,0
PEI_14_83086716.tif,0,0
PEI_14_83086727.tif,0,0
PEI_14_83086738.tif,0,0
PEI_14_83086749.tif,0,0
PEI_14_83086760.tif,0,0
PEI_14_83086771.tif,0,0
PEI_14_83086782.tif,0,0
PEI_14_83086793.tif,0,0
PEI_14_83086804.tif,0,0
PEI_14_83086815.tif,0,0
PEI_14_83086826.tif,0,0
PEI_14_83086837.tif,0,0
PEI_14_83086848.tif,0,0
PEI_14_83086859.tif,0,0
PEI_14_83086870.tif,0,0
PEI_14_83086881.tif,0,0
PEI_14_83086892.tif,0,0
PEI_14_83086903.tif,0,0
PEI_14_83086914.tif,0,0
PEI_14_83086925.tif,0,0
PEI_14_83086936.tif,0,0
PEI_14_83086947.tif,0,0
PEI_14_83086958.tif,0,0
PEI_14_83086969.tif,0,0
PEI_14_83086980.tif,0,0
PEI_14_83086991.tif,0,0
PEI_14_83087002.tif,0,0
PEI_14_83087013.tif,0,0
PEI_14_83087024.tif,0,0
PEI_14_83087035.tif,0,0
PEI_14_83087046.tif,0,0
PEI_14_83087057.tif,0,0
PEI_14_83087068.tif,0,0
PEI_14_83087079.tif,0,0
PEI_14_83087090.tif,0,0
PEI_14_83087101.tif,1,1
PEI_14_83087112.tif,1,1
PEI_14_83087123.tif,1,1
PEI_14_83087134.tif,1,1
PEI_14_83087145.tif,1,1
PEI_14_83087156.tif,1,1
PEI_14_83087167.tif,1,1
PEI_14_83087178.tif,1,1
PEI_14_83087189.tif,0,0
PEI_14_83087200.tif,0,0
PEI_14_83087211.tif,0,0
PEI_14_83087222.tif,0,0
PEI_14_83087233.tif,0,0
PEI_14_83087244.tif,0,0
PEI_14_83087255.tif,0,0
PEI_14_83087266.tif,0,0
PEI_14_83087277.tif,0,0
PEI_14_83087288.tif,0,0
PEI_14_83087299.tif,0,0
PEI_14_83087310.tif,0,0
PEI_14_83087321.tif,0,0
PEI_14_83087332.tif,0,0
PEI_14_83087343.tif,0,0
PEI_14_83087354.tif,0,0
PEI_14_83087365.tif,0,0
PEI_14_83087376.tif,0,0
PEI_14_83087387.tif,0,0
PEI_14_83087398.tif,0,0
PEI_14_83087409.tif,0,0
PEI_14_83087420.tif,0,0
PEI_14_83087431.tif,0,0
PEI_14_83087442.tif,0,0
PEI_14_83087453.tif,0,0
PEI_14_83087464.tif,0,0
PEI_14_83087475.tif,0,0
PEI_14_83087486.tif,0,0
PEI_14_83087497.tif,0,0
PEI_14_83087508.tif,0,0
PEI_14_83087519.tif,0,0
PEI_14_83087530.tif,0,0
PEI_14_83087541.tif,0,0
PEI_14_83087552.tif,0,0
PEI_14_83087563.tif,0,0
PEI_14_83087574.tif,0,0
PEI_14_83087585.tif,0,0
PEI_14_83087596.tif,0,0
PEI_14_83087607.tif,0,0
PEI_14_83087618.tif,0,0
PEI_14_83087629.tif,0,0
PEI_14_83087640.tif,0,0
PEI_14_83087651.tif,0,0
PEI_14_83087662.tif,0,0
PEI_14_83087673.tif,0,0
PEI_14_83087684.tif,0,0
PEI_14_83087695.tif,0,0
PEI_14_83087706.tif,0,0
PEI_14_83087717.tif,0,0
PEI_14_83087728.tif,0,0
PEI_14_83087739.tif,0,0
PEI_15_83940937.tif,0,0
PEI_15_83940948.tif,0,0
PEI_15_83940959.tif,0,0
PEI_15_83940970.tif,0,0
PEI_15_83940981.tif,0,0
PEI_15_83940992.tif,0,0
PEI_15_83941003.tif,0,0
PEI_15_83941014.tif,0,0
PEI_15_83941025.tif,0,0
PEI_15_83941036.tif,0,0
PEI_15_83941047.tif,0,0
PEI_15_83941058.tif,0,0
PEI_15_83941069.tif,0,0
PEI_15_83941080.tif,0,0
PEI_15_83941091.tif,0,0
PEI_15_83941102.tif,0,0
PEI_15_83941113.tif,0,0
PEI_15_83941124.tif,0,0
PEI_15_83941135.tif,0,0
PEI_15_83941146.tif,0,0
PEI_15_83941157.tif,0,0
PEI_15_83941168.tif,0,0
PEI_15_83941179.tif,0,0
PEI_15_83941190.tif,0,0
PEI_15_83941201.tif,0,0
PEI_15_83941212.tif,0,0
PEI_15_83941223.tif,0,0
PEI_15_83941234.tif,0,0
PEI_15_83941245.tif,0,0
PEI_15_83941256.tif,0,0
PEI_15_83941267.tif,0,0
PEI_15_83941278.tif,0,0
PEI_15_83941289.tif,0,0
PEI_15_83941300.tif,0,0
PEI_15_83941311.tif,0,0
PEI_15_83941322.tif,0,0
PEI_15_83941333.tif,0,0
PEI_15_83941344.tif,0,0
PEI_15_83941355.tif,0,0
PEI_15_83941366.tif,0,0
PEI_15_83941377.tif,0,0
PEI_15_83941388.tif,0,0
PEI_15_83941399.tif,0,0
PEI_15_83941410.tif,0,0
PEI_15_83941421.tif,0,0
PEI_15_83941432.tif,0,0
PEI_15_83941443.tif,0,0
PEI_15_83941454.tif,0,0
PEI_15_83941465.tif,0,0
PEI_15_83941476.tif,0,0
PEI_15_83941487.tif,1,1
PEI_15_83941498.tif,1,1
PEI_15_83941509.tif,1,1
PEI_15_83941520.tif,1,1
PEI_15_83941531.tif,1,1
PEI_15_83941542.tif,1,1
PEI_15_83941553.tif,1,1
PEI_15_83941564.tif,0,0
PEI_15_83941575.tif,0,0
PEI_15_83941586.tif,0,0
PEI_15_83941597.tif,0,0
PEI_15_83941608.tif,0,0
PEI_15_83941619.tif,0,0
PEI_15_83941630.tif,0,0
PEI_15_83941641.tif,0,0
PEI_15_83941652.tif,0,0
PEI_15_83941663.tif,0,0
PEI_15_83941674.tif,0,0
PEI_15_83941685.tif,0,0
PEI_15_83941696.tif,0,0
PEI_15_83941707.tif,0,0
PEI_15_83941718.tif,0,0
PEI_15_83941729.tif,0,0
PEI_15_83941740.tif,0,0
PEI_15_83941751.tif,0,0
PEI_15_83941762.tif,0,0
PEI_15_83941773.tif,0,0
PEI_15_83941784.tif,0,0
PEI_15_83941795.tif,0,0
PEI_15_83941806.tif,0,0
PEI_15_83941817.tif,0,0
PEI_15_83941828.tif,0,0
PEI_15_83941839.tif,0,0
PEI_15_83941850.tif,0,0
PEI_15_83941861.tif,0,0
PEI_15_83941872.tif,0,0
PEI_15_83941883.tif,0,0
PEI_15_83941894.tif,0,0
PEI_15_83941905.tif,0,0
PEI_15_83941916.tif,0,0
PEI_15_83941927.tif,0,0
PEI_15_83941938.tif,0,0
PEI_15_83941949.tif,0,0
PEI_15_83941960.tif,0,0
PEI_15_83941971.tif,0,0
PEI_15_83941982.tif,0,0
PEI_15_83941993.tif,0,0
PEI_15_83942004.tif,0,0
PEI_15_83942015.tif,0,0
PEI_15_83942026.tif,0,0
PEI_15_83942037.tif,0,0
PEI_15_83942048.tif,0,0
PEI_15_83942059.tif,0,0
PEI_15_83942070.tif,0,0
PEI_15_83942081.tif,0,0
PEI_15_83942092.tif,0,0
PEI_15_83942103.tif,0,0
PEI_15_83942114.tif,0,0
PEI_15_83942125.tif,0,0
PEI_15_83942136.tif,0,0
PEI_15_83942147.tif,0,0
PEI_15_83942158.tif,0,0
PEI_18_86921941.tif,0,0
PEI_18_86921952.tif,0,0
PEI_18_86921963.tif,0,0
PEI_18_86921974.tif,0,0
PEI_18_86921985.tif,0,0
PEI_18_86921996.tif,0,0
PEI_18_86922007.tif,0,0
PEI_18_86922018.tif,0,0
PEI_18_86922029.tif,0,0
PEI_18_86922040.tif,0,0
PEI_18_86922051.tif,0,0
PEI_18_86922062.tif,0,0
PEI_18_86922073.tif,0,0
PEI_18_86922084.tif,0,0
PEI_18_86922095.tif,0,0
PEI_18_86922106.tif,0,0
PEI_18_86922117.tif,0,0
PEI_18_86922128.tif,0,0
PEI_18_86922139.tif,0,0
PEI_18_86922150.tif,0,0
PEI_18_86922161.tif,0,0
PEI_18_86922172.tif,0,0
PEI_18_86922183.tif,0,0
PEI_18_86922194.tif,0,0
PEI_18_86922205.tif,0,0
PEI_18_86922216.tif,0,0
PEI_18_86922227.tif,0,0
PEI_18_86922238.tif,0,0
PEI_18_86922249.tif,0,0
PEI_18_86922260.tif,0,0
PEI_18_86922271.tif,0,0
PEI_18_86922282.tif,0,0
PEI_18_86922293.tif,0,0
PEI_18_86922304.tif,0,0
PEI_18_86922315.tif,0,0
PEI_18_86922326.tif,0,0
PEI_18_86922337.tif,0,0
PEI_18_86922348.tif,0,0
PEI_18_86922359.tif,0,0
PEI_18_86922370.tif,0,0
PEI_18_86922381.tif,0,0
PEI_18_86922392.tif,0,0
PEI_18_86922403.tif,0,0
PEI_18_86922414.tif,0,0
PEI_18_86922425.tif,0,0
PEI_18_86922436.tif,0,0
PEI_18_86922447.tif,0,0
PEI_18_86922458.tif,0,0
PEI_18_86922469.tif,0,0
PEI_18_86922480.tif,0,0
PEI_18_86922491.tif,0,0
PEI_18_86922502.tif,0,0
PEI_18_86922513.tif,0,0
PEI_18_86922524.tif,1,1
PEI_18_86922535.tif,1,1
PEI_18_86922546.tif,1,1
PEI_18_86922557.tif,1,1
PEI_18_86922568.tif,1,1
PEI_18_86922579.tif,1,1
PEI_18_86922590.tif,1,1
PEI_18_86922601.tif,0,0
PEI_18_86922612.tif,0,0
PEI_18_86922623.tif,0,0
PEI_18_86922634.tif,0,0
PEI_18_86922645.tif,0,0
PEI_18_86922656.tif,0,0
PEI_18_86922667.tif,0,0
PEI_18_86922678.tif,0,0
PEI_18_86922689.tif,0,0
PEI_18_86922700.tif,0,0
PEI_18_86922711.tif,0,0
PEI_18_86922722.tif,0,0
PEI_18_86922733.tif,0,0
PEI_18_86922744.tif,0,0
PEI_18_86922755.tif,0,0
PEI_18_86922766.tif,0,0
PEI_18_86922777.tif,0,0
PEI_18_86922788.tif,0,0
PEI_18_86922799.tif,0,0
PEI_18_86922810.tif,0,0
PEI_18_86922821.tif,0,0
PEI_18_86922832.tif,0,0
PEI_18_86922843.tif,0,0
PEI_18_86922854.tif,0,0
PEI_18_86922865.tif,0,0
PEI_18_86922876.tif,0,0
PEI_18_86922887.tif,0,0
PEI_18_86922898.tif,0,0
PEI_18_86922909.tif,0,0
PEI_18_86922920.tif,0,0
PEI_18_86922931.tif,0,0
PEI_18_86922942.tif,0,0
PEI_18_86922953.tif,0,0
PEI_18_86922964.tif,0,0
PEI_18_86922975.tif,0,0
PEI_18_86922986.tif,0,0
PEI_18_86922997.tif,0,0
PEI_18_86923008.tif,0,0
PEI_18_86923019.tif,0,0
PEI_18_86923030.tif,0,0
PEI_18_86923041.tif,0,0
PEI_18_86923052.tif,0,0
PEI_18_86923063.tif,0,0
PEI_18_86923074.tif,0,0
PEI_18_86923085.tif,0,0
PEI_18_86923096.tif,0,0
PEI_18_86923107.tif,0,0
PEI_18_86923118.tif,0,0
PEI_18_86923129.tif,0,0
PEI_18_86923140.tif,0,0
PEI_18_86923151.tif,0,0
PEI_18_86923162.tif,0,0
PEI_28_27066621.tif,0,0
PEI_28_27066632.tif,0,0
PEI_28_27066643.tif,0,0
PEI_28_27066654.tif,0,0
PEI_28_27066665.tif,0,0
PEI_28_27066676.tif,0,0
PEI_28_27066687.tif,0,0
PEI_28_27066698.tif,0,0
PEI_28_27066709.tif,0,0
PEI_28_27066720.tif,0,0
PEI_28_27066731.tif,0,0
PEI_28_27066742.tif,0,0
PEI_28_27066753.tif,0,0
PEI_28_27066764.tif,0,0
PEI_28_27066775.tif,0,0
PEI_28_27066786.tif,0,0
PEI_28_27066797.tif,0,0
PEI_28_27066808.tif,0,0
PEI_28_27066819.tif,0,0
PEI_28_27066830.tif,0,0
PEI_28_27066841.tif,0,0
PEI_28_27066852.tif,0,0
PEI_28_27066863.tif,0,0
PEI_28_27066874.tif,0,0
PEI_28_27066885.tif,0,0
PEI_28_27066896.tif,0,0
PEI_28_27066907.tif,0,0
PEI_28_27066918.tif,0,0
PEI_28_27066929.tif,1,1
PEI_28_27066940.tif,1,1
PEI_28_27066951.tif,1,1
PEI_28_27066962.tif,1,1
PEI_28_27066973.tif,1,1
PEI_28_27066984.tif,1,1
PEI_28_27066995.tif,1,1
PEI_28_27067006.tif,1,1
PEI_28_27067017.tif,1,1
PEI_28_27067028.tif,1,1
PEI_28_27067039.tif,0,0
PEI_28_27067050.tif,0,0
PEI_28_27067061.tif,0,0
PEI_28_27067072.tif,0,0
PEI_28_27067083.tif,0,0
PEI_28_27067094.tif,0,0
PEI_28_27067105.tif,0,0
PEI_28_27067116.tif,0,0
PEI_28_27067127.tif,0,0
PEI_28_27067138.tif,0,0
PEI_28_27067149.tif,0,0
PEI_28_27067160.tif,0,0
PEI_28_27067171.tif,0,0
PEI_28_27067182.tif,0,0
PEI_28_27067193.tif,0,0
PEI_28_27067204.tif,0,0
PEI_28_27067215.tif,0,0
PEI_28_27067226.tif,0,0
PEI_28_27067237.tif,0,0
PEI_28_27067248.tif,0,0
PEI_28_27067259.tif,0,0
PEI_28_27067270.tif,0,0
PEI_28_27067281.tif,0,0
PEI_28_27067292.tif,0,0
PEI_28_27067303.tif,0,0
PEI_28_27067314.tif,0,0
PEI_28_27067325.tif,0,0
PEI_28_27067336.tif,0,0
PEI_28_27067347.tif,0,0
PEI_28_27067358.tif,0,0
PEI_28_27067369.tif,0,0
PEI_28_27067380.tif,0,0
PEI_28_27067391.tif,0,0
PEI_28_27067402.tif,0,0
PEI_28_27067413.tif,0,0
PEI_28_27067424.tif,0,0
PEI_28_27067435.tif,0,0
PEI_28_27067446.tif,0,0
PEI_28_27067457.tif,0,0
PEI_28_27067468.tif,0,0
PEI_28_27067479.tif,0,0
PEI_28_27067490.tif,0,0
PEI_28_27067501.tif,0,0
PEI_28_27067512.tif,0,0
PEI_28_27067523.tif,0,0
PEI_28_27067534.tif,0,0
PEI_28_27067545.tif,0,0
PEI_28_27067556.tif,0,0
PEI_28_27067567.tif,0,0
PEI_28_27067578.tif,0,0
PEI_28_27067589.tif,0,0
PEI_28_27067600.tif,0,0
PEI_28_27067611.tif,0,0
PEI_28_27067622.tif,0,0
PEI_28_27067633.tif,0,0
PEI_28_27067644.tif,0,0
PEI_28_27067655.tif,0,0
PEI_28_27067666.tif,0,0
PEI_28_27067677.tif,0,0
PEI_28_27067688.tif,0,0
PEI_28_27067699.tif,0,0
PEI_28_27067710.tif,0,0
PEI_28_27067721.tif,0,0
PEI_28_27067732.tif,0,0
PEI_28_27067743.tif,0,0
PEI_28_27067754.tif,0,0
PEI_28_27067765.tif,0,0
PEI_28_27067776.tif,0,0
PEI_28_27067787.tif,0,0
PEI_28_27067798.tif,0,0
PEI_28_27067809.tif,0,0
PEI_28_27067820.tif,0,0
PEI_28_27067831.tif,0,0
PEI_28_27067842.tif,0,0
PEI_29_28966137.tif,0,0
PEI_29_28966148.tif,0,0
PEI_29_28966159.tif,0,0
PEI_29_28966170.tif,0,0
PEI_29_28966181.tif,0,0
PEI_29_28966192.tif,0,0
PEI_29_28966203.tif,0,0
PEI_29_28966214.tif,0,0
PEI_29_28966225.tif,0,0
PEI_29_28966236.tif,0,0
PEI_29_28966247.tif,0,0
PEI_29_28966258.tif,0,0
PEI_29_28966269.tif,0,0
PEI_29_28966280.tif,0,0
PEI_29_28966291.tif,0,0
PEI_29_28966302.tif,0,0
PEI_29_28966313.tif,0,0
PEI_29_28966324.tif,0,0
PEI_29_28966335.tif,0,0
PEI_29_28966346.tif,0,0
PEI_29_28966357.tif,0,0
PEI_29_28966368.tif,0,0
PEI_29_28966379.tif,0,0
PEI_29_28966390.tif,0,0
PEI_29_28966401.tif,0,0
PEI_29_28966412.tif,0,0
PEI_29_28966423.tif,0,0
PEI_29_28966434.tif,0,0
PEI_29_28966445.tif,0,0
PEI_29_28966456.tif,0,0
PEI_29_28966467.tif,0,0
PEI_29_28966478.tif,0,0
PEI_29_28966489.tif,0,0
PEI_29_28966500.tif,0,0
PEI_29_28966511.tif,0,0
PEI_29_28966522.tif,0,0
PEI_29_28966533.tif,0,0
PEI_29_28966544.tif,0,0
PEI_29_28966555.tif,0,0
PEI_29_28966566.tif,0,0
PEI_29_28966577.tif,0,0
PEI_29_28966588.tif,0,0
PEI_29_28966599.tif,0,0
PEI_29_28966610.tif,0,0
PEI_29_28966621.tif,0,0
PEI_29_28966632.tif,0,0
PEI_29_28966643.tif,0,0
PEI_29_28966654.tif,0,0
PEI_29_28966665.tif,0,0
PEI_29_28966676.tif,0,0
PEI_29_28966687.tif,0,0
PEI_29_28966698.tif,0,0
PEI_29_28966709.tif,1,1
PEI_29_28966720.tif,1,1
PEI_29_28966731.tif,1,1
PEI_29_28966742.tif,1,1
PEI_29_28966753.tif,1,1
PEI_29_28966764.tif,1,1
PEI_29_28966775.tif,1,1
PEI_29_28966786.tif,1,1
PEI_29_28966797.tif,1,1
PEI_29_28966808.tif,1,1
PEI_29_28966819.tif,0,0
PEI_29_28966830.tif,0,0
PEI_29_28966841.tif,0,0
PEI_29_28966852.tif,0,0
PEI_29_28966863.tif,0,0
PEI_29_28966874.tif,0,0
PEI_29_28966885.tif,0,0
PEI_29_28966896.tif,0,0
PEI_29_28966907.tif,0,0
PEI_29_28966918.tif,0,0
PEI_29_28966929.tif,0,0
PEI_29_28966940.tif,0,0
PEI_29_28966951.tif,0,0
PEI_29_28966962.tif,0,0
PEI_29_28966973.tif,0,0
PEI_29_28966984.tif,0,0
PEI_29_28966995.tif,0,0
PEI_29_28967006.tif,0,0
PEI_29_28967017.tif,0,0
PEI_29_28967028.tif,0,0
PEI_29_28967039.tif,0,0
PEI_29_28967050.tif,0,0
PEI_29_28967061.tif,0,0
PEI_29_28967072.tif,0,0
PEI_29_28967083.tif,0,0
PEI_29_28967094.tif,0,0
PEI_29_28967105.tif,0,0
PEI_29_28967116.tif,0,0
PEI_29_28967127.tif,0,0
PEI_29_28967138.tif,0,0
PEI_29_28967149.tif,0,0
PEI_29_28967160.tif,0,0
PEI_29_28967171.tif,0,0
PEI_29_28967182.tif,0,0
PEI_29_28967193.tif,0,0
PEI_29_28967204.tif,0,0
PEI_29_28967215.tif,0,0
PEI_29_28967226.tif,0,0
PEI_29_28967237.tif,0,0
PEI_29_28967248.tif,0,0
PEI_29_28967259.tif,0,0
PEI_29_28967270.tif,0,0
PEI_29_28967281.tif,0,0
PEI_29_28967292.tif,0,0
PEI_29_28967303.tif,0,0
PEI_29_28967314.tif,0,0
PEI_29_28967325.tif,0,0
PEI_29_28967336.tif,0,0
PEI_29_28967347.tif,0,0
PEI_29_28967358.tif,0,0
PEI_30_33685453.tif,0,0
PEI_30_33685464.tif,0,0
PEI_30_33685475.tif,0,0
PEI_30_33685486.tif,0,0
PEI_30_33685497.tif,0,0
PEI_30_33685508.tif,0,0
PEI_30_33685519.tif,0,0
PEI_30_33685530.tif,0,0
PEI_30_33685541.tif,0,0
PEI_30_33685552.tif,0,0
PEI_30_33685563.tif,0,0
PEI_30_33685574.tif,0,0
PEI_30_33685585.tif,0,0
PEI_30_33685596.tif,0,0
PEI_30_33685607.tif,0,0
PEI_30_33685618.tif,0,0
PEI_30_33685629.tif,0,0
PEI_30_33685640.tif,0,0
PEI_30_33685651.tif,0,0
PEI_30_33685662.tif,0,0
PEI_30_33685673.tif,0,0
PEI_30_33685684.tif,0,0
PEI_30_33685695.tif,0,0
PEI_30_33685706.tif,0,0
PEI_30_33685717.tif,0,0
PEI_30_33685728.tif,0,0
PEI_30_33685739.tif,0,0
PEI_30_33685750.tif,0,0
PEI_30_33685761.tif,0,0
PEI_30_33685772.tif,0,0
PEI_30_33685783.tif,0,0
PEI_30_33685794.tif,0,0
PEI_30_33685805.tif,0,0
PEI_30_33685816.tif,0,0
PEI_30_33685827.tif,0,0
PEI_30_33685838.tif,0,0
PEI_30_33685849.tif,0,0
PEI_30_33685860.tif,0,0
PEI_30_33685871.tif,0,0
PEI_30_33685882.tif,0,0
PEI_30_33685893.tif,0,0
PEI_30_33685904.tif,0,0
PEI_30_33685915.tif,0,0
PEI_30_33685926.tif,0,0
PEI_30_33685937.tif,0,0
PEI_30_33685948.tif,0,0
PEI_30_33685959.tif,0,0
PEI_30_33685970.tif,0,0
PEI_30_33685981.tif,0,0
PEI_30_33685992.tif,0,0
PEI_30_33686003.tif,0,0
PEI_30_33686014.tif,0,0
PEI_30_33686025.tif,1,1
PEI_30_33686036.tif,1,1
PEI_30_33686047.tif,1,1
PEI_30_33686058.tif,1,1
PEI_30_33686069.tif,1,1
PEI_30_33686080.tif,1,1
PEI_30_33686091.tif,1,1
PEI_30_33686102.tif,1,1
PEI_30_33686113.tif,1,1
PEI_30_33686124.tif,1,1
PEI_30_33686135.tif,0,0
PEI_30_33686146.tif,0,0
PEI_30_33686157.tif,0,0
PEI_30_33686168.tif,0,0
PEI_30_33686179.tif,0,0
PEI_30_33686190.tif,0,0
PEI_30_33686201.tif,0,0
PEI_30_33686212.tif,0,0
PEI_30_33686223.tif,0,0
PEI_30_33686234.tif,0,0
PEI_30_33686245.tif,0,0
PEI_30_33686256.tif,0,0
PEI_30_33686267.tif,0,0
PEI_30_33686278.tif,0,0
PEI_30_33686289.tif,0,0
PEI_30_33686300.tif,0,0
PEI_30_33686311.tif,0,0
PEI_30_33686322.tif,0,0
PEI_30_33686333.tif,0,0
PEI_30_33686344.tif,0,0
PEI_30_33686355.tif,0,0
PEI_30_33686366.tif,0,0
PEI_30_33686377.tif,0,0
PEI_30_33686388.tif,0,0
PEI_30_33686399.tif,0,0
PEI_30_33686410.tif,0,0
PEI_30_33686421.tif,0,0
PEI_30_33686432.tif,0,0
PEI_30_33686443.tif,0,0
PEI_30_33686454.tif,0,0
PEI_30_33686465.tif,0,0
PEI_30_33686476.tif,0,0
PEI_30_33686487.tif,0,0
PEI_30_33686498.tif,0,0
PEI_30_33686509.tif,0,0
PEI_30_33686520.tif,0,0
PEI_30_33686531.tif,0,0
PEI_30_33686542.tif,0,0
PEI_30_33686553.tif,0,0
PEI_30_33686564.tif,0,0
PEI_30_33686575.tif,0,0
PEI_30_33686586.tif,0,0
PEI_30_33686597.tif,0,0
PEI_30_33686608.tif,0,0
PEI_30_33686619.tif,0,0
PEI_30_33686630.tif,0,0
PEI_30_33686641.tif,0,0
PEI_30_33686652.tif,0,0
PEI_30_33686663.tif,0,0
PEI_30_33686674.tif,0,0
PEI_32_52758301.tif,0,0
PEI_32_52758312.tif,0,0
PEI_32_52758323.tif,0,0
PEI_32_52758334.tif,0,0
PEI_32_52758345.tif,0,0
PEI_32_52758356.tif,0,0
PEI_32_52758367.tif,0,0
PEI_32_52758378.tif,0,0
PEI_32_52758389.tif,0,0
PEI_32_52758400.tif,0,0
PEI_32_52758411.tif,0,0
PEI_32_52758422.tif,0,0
PEI_32_52758433.tif,0,0
PEI_32_52758444.tif,0,0
PEI_32_52758455.tif,0,0
PEI_32_52758466.tif,0,0
PEI_32_52758477.tif,0,0
PEI_32_52758488.tif,0,0
PEI_32_52758499.tif,0,0
PEI_32_52758510.tif,0,0
PEI_32_52758521.tif,0,0
PEI_32_52758532.tif,0,0
PEI_32_52758543.tif,0,0
PEI_32_52758554.tif,0,0
PEI_32_52758565.tif,0,0
PEI_32_52758576.tif,0,0
PEI_32_52758587.tif,0,0
PEI_32_52758598.tif,0,0
PEI_32_52758609.tif,0,0
PEI_32_52758620.tif,0,0
PEI_32_52758631.tif,0,0
PEI_32_52758642.tif,0,0
PEI_32_52758653.tif,0,0
PEI_32_52758664.tif,0,0
PEI_32_52758675.tif,0,0
PEI_32_52758686.tif,0,0
PEI_32_52758697.tif,0,0
PEI_32_52758708.tif,0,0
PEI_32_52758719.tif,0,0
PEI_32_52758730.tif,0,0
PEI_32_52758741.tif,0,0
PEI_32_52758752.tif,0,0
PEI_32_52758763.tif,0,0
PEI_32_52758774.tif,0,0
PEI_32_52758785.tif,0,0
PEI_32_52758796.tif,0,0
PEI_32_52758807.tif,0,0
PEI_32_52758818.tif,0,0
PEI_32_52758829.tif,0,0
PEI_32_52758840.tif,0,0
PEI_32_52758851.tif,1,1
PEI_32_52758862.tif,1,1
PEI_32_52758873.tif,1,1
PEI_32_52758884.tif,1,1
PEI_32_52758895.tif,1,1
PEI_32_52758906.tif,1,1
PEI_32_52758917.tif,1,1
PEI_32_52758928.tif,1,1
PEI_32_52758939.tif,0,0
PEI_32_52758950.tif,0,0
PEI_32_52758961.tif,0,0
PEI_32_52758972.tif,0,0
PEI_32_52758983.tif,0,0
PEI_32_52758994.tif,0,0
PEI_32_52759005.tif,0,0
PEI_32_52759016.tif,0,0
PEI_32_52759027.tif,0,0
PEI_32_52759038.tif,0,0
PEI_32_52759049.tif,0,0
PEI_32_52759060.tif,0,0
PEI_32_52759071.tif,0,0
PEI_32_52759082.tif,0,0
PEI_32_52759093.tif,0,0
PEI_32_52759104.tif,0,0
PEI_32_52759115.tif,0,0
PEI_32_52759126.tif,0,0
PEI_32_52759137.tif,0,0
PEI_32_52759148.tif,0,0
PEI_32_52759159.tif,0,0
PEI_32_52759170.tif,0,0
PEI_32_52759181.tif,0,0
PEI_32_52759192.tif,0,0
PEI_32_52759203.tif,0,0
PEI_32_52759214.tif,0,0
PEI_32_52759225.tif,0,0
PEI_32_52759236.tif,0,0
PEI_32_52759247.tif,0,0
PEI_32_52759258.tif,0,0
PEI_32_52759269.tif,0,0
PEI_32_52759280.tif,0,0
PEI_32_52759291.tif,0,0
PEI_32_52759302.tif,0,0
PEI_32_52759313.tif,0,0
PEI_32_52759324.tif,0,0
PEI_32_52759335.tif,0,0
PEI_32_52759346.tif,0,0
PEI_32_52759357.tif,0,0
PEI_32_52759368.tif,0,0
PEI_32_52759379.tif,0,0
PEI_32_52759390.tif,0,0
PEI_32_52759401.tif,0,0
PEI_32_52759412.tif,0,0
PEI_32_52759423.tif,0,0
PEI_32_52759434.tif,0,0
PEI_32_52759445.tif,0,0
PEI_32_52759456.tif,0,0
PEI_32_52759467.tif,0,0
PEI_32_52759478.tif,0,0
PEI_32_52759489.tif,0,0
PEI_32_52759500.tif,0,0
PEI_32_52759511.tif,0,0
PEI_32_52759522.tif,0,0
PEI_36_70322358.tif,0,0
PEI_36_70322369.tif,0,0
PEI_36_70322380.tif,0,0
PEI_36_70322391.tif,0,0
PEI_36_70322402.tif,0,0
PEI_36_70322413.tif,0,0
PEI_36_70322424.tif,0,0
PEI_36_70322435.tif,0,0
PEI_36_70322446.tif,0,0
PEI_36_70322457.tif,0,0
PEI_36_70322468.tif,0,0
PEI_36_70322479.tif,0,0
PEI_36_70322490.tif,0,0
PEI_36_70322501.tif,0,0
PEI_36_70322512.tif,0,0
PEI_36_70322523.tif,0,0
PEI_36_70322534.tif,0,0
PEI_36_70322545.tif,0,0
PEI_36_70322556.tif,0,0
PEI_36_70322567.tif,0,0
PEI_36_70322578.tif,0,0
PEI_36_70322589.tif,0,0
PEI_36_70322600.tif,0,0
PEI_36_70322611.tif,0,0
PEI_36_70322622.tif,0,0
PEI_36_70322633.tif,0,0
PEI_36_70322644.tif,0,0
PEI_36_70322655.tif,0,0
PEI_36_70322666.tif,0,0
PEI_36_70322677.tif,0,0
PEI_36_70322688.tif,0,0
PEI_36_70322699.tif,0,0
PEI_36_70322710.tif,0,0
PEI_36_70322721.tif,0,0
PEI_36_70322732.tif,0,0
PEI_36_70322743.tif,0,0
PEI_36_70322754.tif,0,0
PEI_36_70322765.tif,0,0
PEI_36_70322776.tif,0,0
PEI_36_70322787.tif,0,0
PEI_36_70322798.tif,0,0
PEI_36_70322809.tif,0,0
PEI_36_70322820.tif,0,0
PEI_36_70322831.tif,0,0
PEI_36_70322842.tif,0,0
PEI_36_70322853.tif,0,0
PEI_36_70322864.tif,0,0
PEI_36_70322875.tif,0,0
PEI_36_70322886.tif,0,0
PEI_36_70322897.tif,0,0
PEI_36_70322908.tif,0,0
PEI_36_70322919.tif,0,0
PEI_36_70322930.tif,1,1
PEI_36_70322941.tif,1,1
PEI_36_70322952.tif,1,1
PEI_36_70322963.tif,1,1
PEI_36_70322974.tif,1,1
PEI_36_70322985.tif,1,1
PEI_36_70322996.tif,1,1
PEI_36_70323007.tif,0,0
PEI_36_70323018.tif,0,0
PEI_36_70323029.tif,0,0
PEI_36_70323040.tif,0,0
PEI_36_70323051.tif,0,0
PEI_36_70323062.tif,0,0
PEI_36_70323073.tif,0,0
PEI_36_70323084.tif,0,0
PEI_36_70323095.tif,0,0
PEI_36_70323106.tif,0,0
PEI_36_70323117.tif,0,0
PEI_36_70323128.tif,0,0
PEI_36_70323139.tif,0,0
PEI_36_70323150.tif,0,0
PEI_36_70323161.tif,0,0
PEI_36_70323172.tif,0,0
PEI_36_70323183.tif,0,0
PEI_36_70323194.tif,0,0
PEI_36_70323205.tif,0,0
PEI_36_70323216.tif,0,0
PEI_36_70323227.tif,0,0
PEI_36_70323238.tif,0,0
PEI_36_70323249.tif,0,0
PEI_36_70323260.tif,0,0
PEI_36_70323271.tif,0,0
PEI_36_70323282.tif,0,0
PEI_36_70323293.tif,0,0
PEI_36_70323304.tif,0,0
PEI_36_70323315.tif,0,0
PEI_36_70323326.tif,0,0
PEI_36_70323337.tif,0,0
PEI_36_70323348.tif,0,0
PEI_36_70323359.tif,0,0
PEI_36_70323370.tif,0,0
PEI_36_70323381.tif,0,0
PEI_36_70323392.tif,0,0
PEI_36_70323403.tif,0,0
PEI_36_70323414.tif,0,0
PEI_36_70323425.tif,0,0
PEI_36_70323436.tif,0,0
PEI_36_70323447.tif,0,0
PEI_36_70323458.tif,0,0
PEI_36_70323469.tif,0,0
PEI_36_70323480.tif,0,0
PEI_36_70323491.tif,0,0
PEI_36_70323502.tif,0,0
PEI_36_70323513.tif,0,0
PEI_36_70323524.tif,0,0
PEI_36_70323535.tif,0,0
PEI_36_70323546.tif,0,0
PEI_36_70323557.tif,0,0
PEI_36_70323568.tif,0,0
PEI_36_70323579.tif,0,0
PEI_4_61616565.tif,0,0
PEI_4_61616576.tif,0,0
PEI_4_61616587.tif,0,0
PEI_4_61616598.tif,0,0
PEI_4_61616609.tif,0,0
PEI_4_61616620.tif,0,0
PEI_4_61616631.tif,0,0
PEI_4_61616642.tif,0,0
PEI_4_61616653.tif,0,0
PEI_4_61616664.tif,0,0
PEI_4_61616675.tif,0,0
PEI_4_61616686.tif,0,0
PEI_4_61616697.tif,0,0
PEI_4_61616708.tif,0,0
PEI_4_61616719.tif,0,0
PEI_4_61616730.tif,0,0
PEI_4_61616741.tif,0,0
PEI_4_61616752.tif,0,0
PEI_4_61616763.tif,0,0
PEI_4_61616774.tif,0,0
PEI_4_61616785.tif,0,0
PEI_4_61616796.tif,0,0
PEI_4_61616807.tif,0,0
PEI_4_61616818.tif,0,0
PEI_4_61616829.tif,0,0
PEI_4_61616840.tif,0,0
PEI_4_61616851.tif,0,0
PEI_4_61616862.tif,0,0
PEI_4_61616873.tif,0,0
PEI_4_61616884.tif,0,0
PEI_4_61616895.tif,0,0
PEI_4_61616906.tif,0,0
PEI_4_61616917.tif,0,0
PEI_4_61616928.tif,0,0
PEI_4_61616939.tif,0,0
PEI_4_61616950.tif,0,0
PEI_4_61616961.tif,0,0
PEI_4_61616972.tif,0,0
PEI_4_61616983.tif,0,0
PEI_4_61616994.tif,0,0
PEI_4_61617005.tif,0,0
PEI_4_61617016.tif,0,0
PEI_4_61617027.tif,0,0
PEI_4_61617038.tif,0,0
PEI_4_61617049.tif,0,0
PEI_4_61617060.tif,0,0
PEI_4_61617071.tif,0,0
PEI_4_61617082.tif,0,0
PEI_4_61617093.tif,0,0
PEI_4_61617104.tif,0,0
PEI_4_61617115.tif,0,0
PEI_4_61617126.tif,0,0
PEI_4_61617137.tif,0,0
PEI_4_61617148.tif,0,0
PEI_4_61617159.tif,0,0
PEI_4_61617170.tif,0,0
PEI_4_61617181.tif,1,1
PEI_4_61617192.tif,1,1
PEI_4_61617203.tif,1,1
PEI_4_61617214.tif,1,1
PEI_4_61617225.tif,1,1
PEI_4_61617236.tif,1,1
PEI_4_61617247.tif,0,0
PEI_4_61617258.tif,0,0
PEI_4_61617269.tif,0,0
PEI_4_61617280.tif,0,0
PEI_4_61617291.tif,0,0
PEI_4_61617302.tif,0,0
PEI_4_61617313.tif,0,0
PEI_4_61617324.tif,0,0
PEI_4_61617335.tif,0,0
PEI_4_61617346.tif,0,0
PEI_4_61617357.tif,0,0
PEI_4_61617368.tif,0,0
PEI_4_61617379.tif,0,0
PEI_4_61617390.tif,0,0
PEI_4_61617401.tif,0,0
PEI_4_61617412.tif,0,0
PEI_4_61617423.tif,0,0
PEI_4_61617434.tif,0,0
PEI_4_61617445.tif,0,0
PEI_4_61617456.tif,0,0
PEI_4_61617467.tif,0,0
PEI_4_61617478.tif,0,0
PEI_4_61617489.tif,0,0
PEI_4_61617500.tif,0,0
PEI_4_61617511.tif,0,0
PEI_4_61617522.tif,0,0
PEI_4_61617533.tif,0,0
PEI_4_61617544.tif,0,0
PEI_4_61617555.tif,0,0
PEI_4_61617566.tif,0,0
PEI_4_61617577.tif,0,0
PEI_4_61617588.tif,0,0
PEI_4_61617599.tif,0,0
PEI_4_61617610.tif,0,0
PEI_4_61617621.tif,0,0
PEI_4_61617632.tif,0,0
PEI_4_61617643.tif,0,0
PEI_4_61617654.tif,0,0
PEI_4_61617665.tif,0,0
PEI_4_61617676.tif,0,0
PEI_4_61617687.tif,0,0
PEI_4_61617698.tif,0,0
PEI_4_61617709.tif,0,0
PEI_4_61617720.tif,0,0
PEI_4_61617731.tif,0,0
PEI_4_61617742.tif,0,0
PEI_4_61617753.tif,0,0
PEI_4_61617764.tif,0,0
PEI_4_61617775.tif,0,0
PEI_4_61617786.tif,0,0
PEI_55_30140423.tif,0,0
PEI_55_30140434.tif,0,0
PEI_55_30140445.tif,0,0
PEI_55_30140456.tif,0,0
PEI_55_30140467.tif,0,0
PEI_55_30140478.tif,0,0
PEI_55_30140489.tif,0,0
PEI_55_30140500.tif,0,0
PEI_55_30140511.tif,0,0
PEI_55_30140522.tif,0,0
PEI_55_30140533.tif,0,0
PEI_55_30140544.tif,0,0
PEI_55_30140555.tif,0,0
PEI_55_30140566.tif,0,0
PEI_55_30140577.tif,0,0
PEI_55_30140588.tif,0,0
PEI_55_30140599.tif,0,0
PEI_55_30140610.tif,0,0
PEI_55_30140621.tif,0,0
PEI_55_30140632.tif,0,0
PEI_55_30140643.tif,0,0
PEI_55_30140654.tif,0,0
PEI_55_30140665.tif,0,0
PEI_55_30140676.tif,0,0
PEI_55_30140687.tif,0,0
PEI_55_30140698.tif,0,0
PEI_55_30140709.tif,0,0
PEI_55_30140720.tif,0,0
PEI_55_30140731.tif,0,0
PEI_55_30140742.tif,0,0
PEI_55_30140753.tif,0,0
PEI_55_30140764.tif,0,0
PEI_55_30140775.tif,0,0
PEI_55_30140786.tif,0,0
PEI_55_30140797.tif,0,0
PEI_55_30140808.tif,0,0
PEI_55_30140819.tif,0,0
PEI_55_30140830.tif,0,0
PEI_55_30140841.tif,0,0
PEI_55_30140852.tif,0,0
PEI_55_30140863.tif,0,0
PEI_55_30140874.tif,0,0
PEI_55_30140885.tif,0,0
PEI_55_30140896.tif,0,0
PEI_55_30140907.tif,0,0
PEI_55_30140918.tif,0,0
PEI_55_30140929.tif,0,0
PEI_55_30140940.tif,0,0
PEI_55_30140951.tif,0,0
PEI_55_30140962.tif,0,0
PEI_55_30140973.tif,0,0
PEI_55_30140984.tif,0,0
PEI_55_30140995.tif,1,1
PEI_55_30141006.tif,1,1
PEI_55_30141017.tif,1,1
PEI_55_30141028.tif,1,1
PEI_55_30141039.tif,1,1
PEI_55_30141050.tif,1,1
PEI_55_30141061.tif,1,1
PEI_55_30141072.tif,1,1
PEI_55_30141083.tif,0,0
PEI_55_30141094.tif,0,0
PEI_55_30141105.tif,0,0
PEI_55_30141116.tif,0,0
PEI_55_30141127.tif,0,0
PEI_55_30141138.tif,0,0
PEI_55_30141149.tif,0,0
PEI_55_30141160.tif,0,0
PEI_55_30141171.tif,0,0
PEI_55_30141182.tif,0,0
PEI_55_30141193.tif,0,0
PEI_55_30141204.tif,0,0
PEI_55_30141215.tif,0,0
PEI_55_30141226.tif,0,0
PEI_55_30141237.tif,0,0
PEI_55_30141248.tif,0,0
PEI_55_30141259.tif,0,0
PEI_55_30141270.tif,0,0
PEI_55_30141281.tif,0,0
PEI_55_30141292.tif,0,0
PEI_55_30141303.tif,0,0
PEI_55_30141314.tif,0,0
PEI_55_30141325.tif,0,0
PEI_55_30141336.tif,0,0
PEI_55_30141347.tif,0,0
PEI_55_30141358.tif,0,0
PEI_55_30141369.tif,0,0
PEI_55_30141380.tif,0,0
PEI_55_30141391.tif,0,0
PEI_55_30141402.tif,0,0
PEI_55_30141413.tif,0,0
PEI_55_30141424.tif,0,0
PEI_55_30141435.tif,0,0
PEI_55_30141446.tif,0,0
PEI_55_30141457.tif,0,0
PEI_55_30141468.tif,0,0
PEI_55_30141479.tif,0,0
PEI_55_30141490.tif,0,0
PEI_55_30141501.tif,0,0
PEI_55_30141512.tif,0,0
PEI_55_30141523.tif,0,0
PEI_55_30141534.tif,0,0
PEI_55_30141545.tif,0,0
PEI_55_30141556.tif,0,0
PEI_55_30141567.tif,0,0
PEI_55_30141578.tif,0,0
PEI_55_30141589.tif,0,0
PEI_55_30141600.tif,0,0
PEI_55_30141611.tif,0,0
PEI_55_30141622.tif,0,0
PEI_55_30141633.tif,0,0
PEI_55_30141644.tif,0,0
PEI_5_63210324.tif,0,0
PEI_5_63210335.tif,0,0
PEI_5_63210346.tif,0,0
PEI_5_63210357.tif,0,0
PEI_5_63210368.tif,0,0
PEI_5_63210379.tif,0,0
PEI_5_63210390.tif,0,0
PEI_5_63210401.tif,0,0
PEI_5_63210412.tif,0,0
PEI_5_63210423.tif,0,0
PEI_5_63210434.tif,0,0
PEI_5_63210445.tif,0,0
PEI_5_63210456.tif,0,0
PEI_5_63210467.tif,0,0
PEI_5_63210478.tif,0,0
PEI_5_63210489.tif,0,0
PEI_5_63210500.tif,0,0
PEI_5_63210511.tif,0,0
PEI_5_63210522.tif,0,0
PEI_5_63210533.tif,0,0
PEI_5_63210544.tif,0,0
PEI_5_63210555.tif,0,0
PEI_5_63210566.tif,0,0
PEI_5_63210577.tif,0,0
PEI_5_63210588.tif,0,0
PEI_5_63210599.tif,0,0
PEI_5_63210610.tif,0,0
PEI_5_63210621.tif,0,0
PEI_5_63210632.tif,0,0
PEI_5_63210643.tif,0,0
PEI_5_63210654.tif,0,0
PEI_5_63210665.tif,0,0
PEI_5_63210676.tif,0,0
PEI_5_63210687.tif,0,0
PEI_5_63210698.tif,0,0
PEI_5_63210709.tif,0,0
PEI_5_63210720.tif,0,0
PEI_5_63210731.tif,0,0
PEI_5_63210742.tif,0,0
PEI_5_63210753.tif,0,0
PEI_5_63210764.tif,0,0
PEI_5_63210775.tif,0,0
PEI_5_63210786.tif,0,0
PEI_5_63210797.tif,0,0
PEI_5_63210808.tif,0,0
PEI_5_63210819.tif,0,0
PEI_5_63210830.tif,0,0
PEI_5_63210841.tif,0,0
PEI_5_63210852.tif,0,0
PEI_5_63210863.tif,0,0
PEI_5_63210874.tif,0,0
PEI_5_63210885.tif,1,1
PEI_5_63210896.tif,1,1
PEI_5_63210907.tif,1,1
PEI_5_63210918.tif,1,1
PEI_5_63210929.tif,1,1
PEI_5_63210940.tif,1,1
PEI_5_63210951.tif,0,0
PEI_5_63210962.tif,0,0
PEI_5_63210973.tif,0,0
PEI_5_63210984.tif,0,0
PEI_5_63210995.tif,0,0
PEI_5_63211006.tif,0,0
PEI_5_63211017.tif,0,0
PEI_5_63211028.tif,0,0
PEI_5_63211039.tif,0,0
PEI_5_63211050.tif,0,0
PEI_5_63211061.tif,0,0
PEI_5_63211072.tif,0,0
PEI_5_63211083.tif,0,0
PEI_5_63211094.tif,0,0
PEI_5_63211105.tif,0,0
PEI_5_63211116.tif,0,0
PEI_5_63211127.tif,0,0
PEI_5_63211138.tif,0,0
PEI_5_63211149.tif,0,0
PEI_5_63211160.tif,0,0
PEI_5_63211171.tif,0,0
PEI_5_63211182.tif,0,0
PEI_5_63211193.tif,0,0
PEI_5_63211204.tif,0,0
PEI_5_63211215.tif,0,0
PEI_5_63211226.tif,0,0
PEI_5_63211237.tif,0,0
PEI_5_63211248.tif,0,0
PEI_5_63211259.tif,0,0
PEI_5_63211270.tif,0,0
PEI_5_63211281.tif,0,0
PEI_5_63211292.tif,0,0
PEI_5_63211303.tif,0,0
PEI_5_63211314.tif,0,0
PEI_5_63211325.tif,0,0
PEI_5_63211336.tif,0,0
PEI_5_63211347.tif,0,0
PEI_5_63211358.tif,0,0
PEI_5_63211369.tif,0,0
PEI_5_63211380.tif,0,0
PEI_5_63211391.tif,0,0
PEI_5_63211402.tif,0,0
PEI_5_63211413.tif,0,0
PEI_5_63211424.tif,0,0
PEI_5_63211435.tif,0,0
PEI_5_63211446.tif,0,0
PEI_5_63211457.tif,0,0
PEI_5_63211468.tif,0,0
PEI_5_63211479.tif,0,0
PEI_5_63211490.tif,0,0
PEI_5_63211501.tif,0,0
PEI_5_63211512.tif,0,0
PEI_5_63211523.tif,0,0
PEI_5_63211534.tif,0,0
PEI_5_63211545.tif,0,0
PEI_65_13216079.tif,0,0
PEI_65_13216090.tif,0,0
PEI_65_13216101.tif,0,0
PEI_65_13216112.tif,0,0
PEI_65_13216123.tif,0,0
PEI_65_13216134.tif,0,0
PEI_65_13216145.tif,0,0
PEI_65_13216156.tif,0,0
PEI_65_13216167.tif,0,0
PEI_65_13216178.tif,0,0
PEI_65_13216189.tif,0,0
PEI_65_13216200.tif,0,0
PEI_65_13216211.tif,0,0
PEI_65_13216222.tif,0,0
PEI_65_13216233.tif,0,0
PEI_65_13216244.tif,0,0
PEI_65_13216255.tif,0,0
PEI_65_13216266.tif,0,0
PEI_65_13216277.tif,0,0
PEI_65_13216288.tif,0,0
PEI_65_13216299.tif,0,0
PEI_65_13216310.tif,0,0
PEI_65_13216321.tif,0,0
PEI_65_13216332.tif,0,0
PEI_65_13216343.tif,0,0
PEI_65_13216354.tif,0,0
PEI_65_13216365.tif,0,0
PEI_65_13216376.tif,0,0
PEI_65_13216387.tif,0,0
PEI_65_13216398.tif,0,0
PEI_65_13216409.tif,0,0
PEI_65_13216420.tif,0,0
PEI_65_13216431.tif,0,0
PEI_65_13216442.tif,0,0
PEI_65_13216453.tif,0,0
PEI_65_13216464.tif,0,0
PEI_65_13216475.tif,0,0
PEI_65_13216486.tif,0,0
PEI_65_13216497.tif,0,0
PEI_65_13216508.tif,0,0
PEI_65_13216519.tif,0,0
PEI_65_13216530.tif,0,0
PEI_65_13216541.tif,0,0
PEI_65_13216552.tif,0,0
PEI_65_13216563.tif,0,0
PEI_65_13216574.tif,0,0
PEI_65_13216585.tif,0,0
PEI_65_13216596.tif,0,0
PEI_65_13216607.tif,0,0
PEI_65_13216618.tif,0,0
PEI_65_13216629.tif,0,0
PEI_65_13216640.tif,0,0
PEI_65_13216651.tif,0,0
PEI_65_13216662.tif,0,0
PEI_65_13216673.tif,1,1
PEI_65_13216684.tif,1,1
PEI_65_13216695.tif,1,1
PEI_65_13216706.tif,1,1
PEI_65_13216717.tif,1,1
PEI_65_13216728.tif,1,1
PEI_65_13216739.tif,1,1
PEI_65_13216750.tif,1,1
PEI_65_13216761.tif,0,0
PEI_65_13216772.tif,0,0
PEI_65_13216783.tif,0,0
PEI_65_13216794.tif,0,0
PEI_65_13216805.tif,0,0
PEI_65_13216816.tif,0,0
PEI_65_13216827.tif,0,0
PEI_65_13216838.tif,0,0
PEI_65_13216849.tif,0,0
PEI_65_13216860.tif,0,0
PEI_65_13216871.tif,0,0
PEI_65_13216882.tif,0,0
PEI_65_13216893.tif,0,0
PEI_65_13216904.tif,0,0
PEI_65_13216915.tif,0,0
PEI_65_13216926.tif,0,0
PEI_65_13216937.tif,0,0
PEI_65_13216948.tif,0,0
PEI_65_13216959.tif,0,0
PEI_65_13216970.tif,0,0
PEI_65_13216981.tif,0,0
PEI_65_13216992.tif,0,0
PEI_65_13217003.tif,0,0
PEI_65_13217014.tif,0,0
PEI_65_13217025.tif,0,0
PEI_65_13217036.tif,0,0
PEI_65_13217047.tif,0,0
PEI_65_13217058.tif,0,0
PEI_65_13217069.tif,0,0
PEI_65_13217080.tif,0,0
PEI_65_13217091.tif,0,0
PEI_65_13217102.tif,0,0
PEI_65_13217113.tif,0,0
PEI_65_13217124.tif,0,0
PEI_65_13217135.tif,0,0
PEI_65_13217146.tif,0,0
PEI_65_13217157.tif,0,0
PEI_65_13217168.tif,0,0
PEI_65_13217179.tif,0,0
PEI_65_13217190.tif,0,0
PEI_65_13217201.tif,0,0
PEI_65_13217212.tif,0,0
PEI_65_13217223.tif,0,0
PEI_65_13217234.tif,0,0
PEI_65_13217245.tif,0,0
PEI_65_13217256.tif,0,0
PEI_65_13217267.tif,0,0
PEI_65_13217278.tif,0,0
PEI_65_13217289.tif,0,0
PEI_65_13217300.tif,0,0
PEI_70_23787965.tif,0,0
PEI_70_23787976.tif,0,0
PEI_70_23787987.tif,0,0
PEI_70_23787998.tif,0,0
PEI_70_23788009.tif,0,0
PEI_70_23788020.tif,0,0
PEI_70_23788031.tif,0,0
PEI_70_23788042.tif,0,0
PEI_70_23788053.tif,0,0
PEI_70_23788064.tif,0,0
PEI_70_23788075.tif,0,0
PEI_70_23788086.tif,0,0
PEI_70_23788097.tif,0,0
PEI_70_23788108.tif,0,0
PEI_70_23788119.tif,0,0
PEI_70_23788130.tif,0,0
PEI_70_23788141.tif,0,0
PEI_70_23788152.tif,0,0
PEI_70_23788163.tif,0,0
PEI_70_23788174.tif,0,0
PEI_70_23788185.tif,0,0
PEI_70_23788196.tif,0,0
PEI_70_23788207.tif,0,0
PEI_70_23788218.tif,0,0
PEI_70_23788229.tif,0,0
PEI_70_23788240.tif,0,0
PEI_70_23788251.tif,0,0
PEI_70_23788262.tif,0,0
PEI_70_23788273.tif,0,0
PEI_70_23788284.tif,0,0
PEI_70_23788295.tif,0,0
PEI_70_23788306.tif,0,0
PEI_70_23788317.tif,0,0
PEI_70_23788328.tif,0,0
PEI_70_23788339.tif,0,0
PEI_70_23788350.tif,0,0
PEI_70_23788361.tif,0,0
PEI_70_23788372.tif,0,0
PEI_70_23788383.tif,0,0
PEI_70_23788394.tif,0,0
PEI_70_23788405.tif,0,0
PEI_70_23788416.tif,0,0
PEI_70_23788427.tif,0,0
PEI_70_23788438.tif,0,0
PEI_70_23788449.tif,0,0
PEI_70_23788460.tif,0,0
PEI_70_23788471.tif,0,0
PEI_70_23788482.tif,1,1
PEI_70_23788493.tif,1,1
PEI_70_23788504.tif,1,1
PEI_70_23788515.tif,1,1
PEI_70_23788526.tif,1,1
PEI_70_23788537.tif,1,1
PEI_70_23788548.tif,1,1
PEI_70_23788559.tif,1,1
PEI_70_23788570.tif,1,1
PEI_70_23788581.tif,0,0
PEI_70_23788592.tif,0,0
PEI_70_23788603.tif,0,0
PEI_70_23788614.tif,0,0
PEI_70_23788625.tif,0,0
PEI_70_23788636.tif,0,0
PEI_70_23788647.tif,0,0
PEI_70_23788658.tif,0,0
PEI_70_23788669.tif,0,0
PEI_70_23788680.tif,0,0
PEI_70_23788691.tif,0,0
PEI_70_23788702.tif,0,0
PEI_70_23788713.tif,0,0
PEI_70_23788724.tif,0,0
PEI_70_23788735.tif,0,0
PEI_70_23788746.tif,0,0
PEI_70_23788757.tif,0,0
PEI_70_23788768.tif,0,0
PEI_70_23788779.tif,0,0
PEI_70_23788790.tif,0,0
PEI_70_23788801.tif,0,0
PEI_70_23788812.tif,0,0
PEI_70_23788823.tif,0,0
PEI_70_23788834.tif,0,0
PEI_70_23788845.tif,0,0
PEI_70_23788856.tif,0,0
PEI_70_23788867.tif,0,0
PEI_70_23788878.tif,0,0
PEI_70_23788889.tif,0,0
PEI_70_23788900.tif,0,0
PEI_70_23788911.tif,0,0
PEI_70_23788922.tif,0,0
PEI_70_23788933.tif,0,0
PEI_70_23788944.tif,0,0
PEI_70_23788955.tif,0,0
PEI_70_23788966.tif,0,0
PEI_70_23788977.tif,0,0
PEI_70_23788988.tif,0,0
PEI_70_23788999.tif,0,0
PEI_70_23789010.tif,0,0
PEI_70_23789021.tif,0,0
PEI_70_23789032.tif,0,0
PEI_70_23789043.tif,0,0
PEI_70_23789054.tif,0,0
PEI_70_23789065.tif,0,0
PEI_70_23789076.tif,0,0
PEI_70_23789087.tif,0,0
PEI_70_23789098.tif,0,0
PEI_70_23789109.tif,0,0
PEI_70_23789120.tif,0,0
PEI_70_23789131.tif,0,0
PEI_70_23789142.tif,0,0
PEI_70_23789153.tif,0,0
PEI_70_23789164.tif,0,0
PEI_70_23789175.tif,0,0
PEI_70_23789186.tif,0,0
PEI_76_15413455.tif,0,0
PEI_76_15413466.tif,0,0
PEI_76_15413477.tif,0,0
PEI_76_15413488.tif,0,0
PEI_76_15413499.tif,0,0
PEI_76_15413510.tif,0,0
PEI_76_15413521.tif,0,0
PEI_76_15413532.tif,0,0
PEI_76_15413543.tif,0,0
PEI_76_15413554.tif,0,0
PEI_76_15413565.tif,0,0
PEI_76_15413576.tif,0,0
PEI_76_15413587.tif,0,0
PEI_76_15413598.tif,0,0
PEI_76_15413609.tif,0,0
PEI_76_15413620.tif,0,0
PEI_76_15413631.tif,0,0
PEI_76_15413642.tif,0,0
PEI_76_15413653.tif,0,0
PEI_76_15413664.tif,0,0
PEI_76_15413675.tif,0,0
PEI_76_15413686.tif,0,0
PEI_76_15413697.tif,0,0
PEI_76_15413708.tif,0,0
PEI_76_15413719.tif,0,0
PEI_76_15413730.tif,0,0
PEI_76_15413741.tif,0,0
PEI_76_15413752.tif,0,0
PEI_76_15413763.tif,0,0
PEI_76_15413774.tif,0,0
PEI_76_15413785.tif,0,0
PEI_76_15413796.tif,0,0
PEI_76_15413807.tif,0,0
PEI_76_15413818.tif,0,0
PEI_76_15413829.tif,0,0
PEI_76_15413840.tif,0,0
PEI_76_15413851.tif,0,0
PEI_76_15413862.tif,0,0
PEI_76_15413873.tif,0,0
PEI_76_15413884.tif,0,0
PEI_76_15413895.tif,0,0
PEI_76_15413906.tif,0,0
PEI_76_15413917.tif,0,0
PEI_76_15413928.tif,0,0
PEI_76_15413939.tif,0,0
PEI_76_15413950.tif,0,0
PEI_76_15413961.tif,0,0
PEI_76_15413972.tif,0,0
PEI_76_15413983.tif,0,0
PEI_76_15413994.tif,0,0
PEI_76_15414005.tif,0,0
PEI_76_15414016.tif,0,0
PEI_76_15414027.tif,1,1
PEI_76_15414038.tif,1,1
PEI_76_15414049.tif,1,1
PEI_76_15414060.tif,1,1
PEI_76_15414071.tif,1,1
PEI_76_15414082.tif,1,1
PEI_76_15414093.tif,0,0
PEI_76_15414104.tif,0,0
PEI_76_15414115.tif,0,0
PEI_76_15414126.tif,0,0
PEI_76_15414137.tif,0,0
PEI_76_15414148.tif,0,0
PEI_76_15414159.tif,0,0
PEI_76_15414170.tif,0,0
PEI_76_15414181.tif,0,0
PEI_76_15414192.tif,0,0
PEI_76_15414203.tif,0,0
PEI_76_15414214.tif,0,0
PEI_76_15414225.tif,0,0
PEI_76_15414236.tif,0,0
PEI_76_15414247.tif,0,0
PEI_76_15414258.tif,0,0
PEI_76_15414269.tif,0,0
PEI_76_15414280.tif,0,0
PEI_76_15414291.tif,0,0
PEI_76_15414302.tif,0,0
PEI_76_15414313.tif,0,0
PEI_76_15414324.tif,0,0
PEI_76_15414335.tif,0,0
PEI_76_15414346.tif,0,0
PEI_76_15414357.tif,0,0
PEI_76_15414368.tif,0,0
PEI_76_15414379.tif,0,0
PEI_76_15414390.tif,0,0
PEI_76_15414401.tif,0,0
PEI_76_15414412.tif,0,0
PEI_76_15414423.tif,0,0
PEI_76_15414434.tif,0,0
PEI_76_15414445.tif,0,0
PEI_76_15414456.tif,0,0
PEI_76_15414467.tif,0,0
PEI_76_15414478.tif,0,0
PEI_76_15414489.tif,0,0
PEI_76_15414500.tif,0,0
PEI_76_15414511.tif,0,0
PEI_76_15414522.tif,0,0
PEI_76_15414533.tif,0,0
PEI_76_15414544.tif,0,0
PEI_76_15414555.tif,0,0
PEI_76_15414566.tif,0,0
PEI_76_15414577.tif,0,0
PEI_76_15414588.tif,0,0
PEI_76_15414599.tif,0,0
PEI_76_15414610.tif,0,0
PEI_76_15414621.tif,0,0
PEI_76_15414632.tif,0,0
PEI_76_15414643.tif,0,0
PEI_76_15414654.tif,0,0
PEI_76_15414665.tif,0,0
PEI_76_15414676.tif,0,0
PEI_77_59589608.tif,0,0
PEI_77_59589619.tif,0,0
PEI_77_59589630.tif,0,0
PEI_77_59589641.tif,0,0
PEI_77_59589652.tif,0,0
PEI_77_59589663.tif,0,0
PEI_77_59589674.tif,0,0
PEI_77_59589685.tif,0,0
PEI_77_59589696.tif,0,0
PEI_77_59589707.tif,0,0
PEI_77_59589718.tif,0,0
PEI_77_59589729.tif,0,0
PEI_77_59589740.tif,0,0
PEI_77_59589751.tif,0,0
PEI_77_59589762.tif,0,0
PEI_77_59589773.tif,0,0
PEI_77_59589784.tif,0,0
PEI_77_59589795.tif,0,0
PEI_77_59589806.tif,0,0
PEI_77_59589817.tif,0,0
PEI_77_59589828.tif,0,0
PEI_77_59589839.tif,0,0
PEI_77_59589850.tif,0,0
PEI_77_59589861.tif,0,0
PEI_77_59589872.tif,0,0
PEI_77_59589883.tif,0,0
PEI_77_59589894.tif,0,0
PEI_77_59589905.tif,0,0
PEI_77_59589916.tif,0,0
PEI_77_59589927.tif,0,0
PEI_77_59589938.tif,0,0
PEI_77_59589949.tif,0,0
PEI_77_59589960.tif,0,0
PEI_77_59589971.tif,0,0
PEI_77_59589982.tif,0,0
PEI_77_59589993.tif,0,0
PEI_77_59590004.tif,0,0
PEI_77_59590015.tif,0,0
PEI_77_59590026.tif,0,0
PEI_77_59590037.tif,0,0
PEI_77_59590048.tif,0,0
PEI_77_59590059.tif,0,0
PEI_77_59590070.tif,0,0
PEI_77_59590081.tif,0,0
PEI_77_59590092.tif,0,0
PEI_77_59590103.tif,0,0
PEI_77_59590114.tif,0,0
PEI_77_59590125.tif,0,0
PEI_77_59590136.tif,0,0
PEI_77_59590147.tif,0,0
PEI_77_59590158.tif,0,0
PEI_77_59590169.tif,1,1
PEI_77_59590180.tif,1,1
PEI_77_59590191.tif,1,1
PEI_77_59590202.tif,1,1
PEI_77_59590213.tif,1,1
PEI_77_59590224.tif,1,1
PEI_77_59590235.tif,1,1
PEI_77_59590246.tif,1,1
PEI_77_59590257.tif,0,0
PEI_77_59590268.tif,0,0
PEI_77_59590279.tif,0,0
PEI_77_59590290.tif,0,0
PEI_77_59590301.tif,0,0
PEI_77_59590312.tif,0,0
PEI_77_59590323.tif,0,0
PEI_77_59590334.tif,0,0
PEI_77_59590345.tif,0,0
PEI_77_59590356.tif,0,0
PEI_77_59590367.tif,0,0
PEI_77_59590378.tif,0,0
PEI_77_59590389.tif,0,0
PEI_77_59590400.tif,0,0
PEI_77_59590411.tif,0,0
PEI_77_59590422.tif,0,0
PEI_77_59590433.tif,0,0
PEI_77_59590444.tif,0,0
PEI_77_59590455.tif,0,0
PEI_77_59590466.tif,0,0
PEI_77_59590477.tif,0,0
PEI_77_59590488.tif,0,0
PEI_77_59590499.tif,0,0
PEI_77_59590510.tif,0,0
PEI_77_59590521.tif,0,0
PEI_77_59590532.tif,0,0
PEI_77_59590543.tif,0,0
PEI_77_59590554.tif,0,0
PEI_77_59590565.tif,0,0
PEI_77_59590576.tif,0,0
PEI_77_59590587.tif,0,0
PEI_77_59590598.tif,0,0
PEI_77_59590609.tif,0,0
PEI_77_59590620.tif,0,0
PEI_77_59590631.tif,0,0
PEI_77_59590642.tif,0,0
PEI_77_59590653.tif,0,0
PEI_77_59590664.tif,0,0
PEI_77_59590675.tif,0,0
PEI_77_59590686.tif,0,0
PEI_77_59590697.tif,0,0
PEI_77_59590708.tif,0,0
PEI_77_59590719.tif,0,0
PEI_77_59590730.tif,0,0
PEI_77_59590741.tif,0,0
PEI_77_59590752.tif,0,0
PEI_77_59590763.tif,0,0
PEI_77_59590774.tif,0,0
PEI_77_59590785.tif,0,0
PEI_77_59590796.tif,0,0
PEI_77_59590807.tif,0,0
PEI_77_59590818.tif,0,0
PEI_77_59590829.tif,0,0
PEI_81_70192893.tif,0,0
PEI_81_70192904.tif,0,0
PEI_81_70192915.tif,0,0
PEI_81_70192926.tif,0,0
PEI_81_70192937.tif,0,0
PEI_81_70192948.tif,0,0
PEI_81_70192959.tif,0,0
PEI_81_70192970.tif,0,0
PEI_81_70192981.tif,0,0
PEI_81_70192992.tif,0,0
PEI_81_70193003.tif,0,0
PEI_81_70193014.tif,0,0
PEI_81_70193025.tif,0,0
PEI_81_70193036.tif,0,0
PEI_81_70193047.tif,0,0
PEI_81_70193058.tif,0,0
PEI_81_70193069.tif,0,0
PEI_81_70193080.tif,0,0
PEI_81_70193091.tif,0,0
PEI_81_70193102.tif,0,0
PEI_81_70193113.tif,0,0
PEI_81_70193124.tif,0,0
PEI_81_70193135.tif,0,0
PEI_81_70193146.tif,0,0
PEI_81_70193157.tif,0,0
PEI_81_70193168.tif,0,0
PEI_81_70193179.tif,0,0
PEI_81_70193190.tif,0,0
PEI_81_70193201.tif,0,0
PEI_81_70193212.tif,0,0
PEI_81_70193223.tif,0,0
PEI_81_70193234.tif,0,0
PEI_81_70193245.tif,0,0
PEI_81_70193256.tif,0,0
PEI_81_70193267.tif,0,0
PEI_81_70193278.tif,0,0
PEI_81_70193289.tif,0,0
PEI_81_70193300.tif,0,0
PEI_81_70193311.tif,0,0
PEI_81_70193322.tif,0,0
PEI_81_70193333.tif,0,0
PEI_81_70193344.tif,0,0
PEI_81_70193355.tif,0,0
PEI_81_70193366.tif,0,0
PEI_81_70193377.tif,0,0
PEI_81_70193388.tif,0,0
PEI_81_70193399.tif,0,0
PEI_81_70193410.tif,0,0
PEI_81_70193421.tif,0,0
PEI_81_70193432.tif,0,0
PEI_81_70193443.tif,0,0
PEI_81_70193454.tif,1,1
PEI_81_70193465.tif,1,1
PEI_81_70193476.tif,1,1
PEI_81_70193487.tif,1,1
PEI_81_70193498.tif,1,1
PEI_81_70193509.tif,1,1
PEI_81_70193520.tif,1,1
PEI_81_70193531.tif,1,1
PEI_81_70193542.tif,1,1
PEI_81_70193553.tif,1,1
PEI_81_70193564.tif,0,0
PEI_81_70193575.tif,0,0
PEI_81_70193586.tif,0,0
PEI_81_70193597.tif,0,0
PEI_81_70193608.tif,0,0
PEI_81_70193619.tif,0,0
PEI_81_70193630.tif,0,0
PEI_81_70193641.tif,0,0
PEI_81_70193652.tif,0,0
PEI_81_70193663.tif,0,0
PEI_81_70193674.tif,0,0
PEI_81_70193685.tif,0,0
PEI_81_70193696.tif,0,0
PEI_81_70193707.tif,0,0
PEI_81_70193718.tif,0,0
PEI_81_70193729.tif,0,0
PEI_81_70193740.tif,0,0
PEI_81_70193751.tif,0,0
PEI_81_70193762.tif,0,0
PEI_81_70193773.tif,0,0
PEI_81_70193784.tif,0,0
PEI_81_70193795.tif,0,0
PEI_81_70193806.tif,0,0
PEI_81_70193817.tif,0,0
PEI_81_70193828.tif,0,0
PEI_81_70193839.tif,0,0
PEI_81_70193850.tif,0,0
PEI_81_70193861.tif,0,0
PEI_81_70193872.tif,0,0
PEI_81_70193883.tif,0,0
PEI_81_70193894.tif,0,0
PEI_81_70193905.tif,0,0
PEI_81_70193916.tif,0,0
PEI_81_70193927.tif,0,0
PEI_81_70193938.tif,0,0
PEI_81_70193949.tif,0,0
PEI_81_70193960.tif,0,0
PEI_81_70193971.tif,0,0
PEI_81_70193982.tif,0,0
PEI_81_70193993.tif,0,0
PEI_81_70194004.tif,0,0
PEI_81_70194015.tif,0,0
PEI_81_70194026.tif,0,0
PEI_81_70194037.tif,0,0
PEI_81_70194048.tif,0,0
PEI_81_70194059.tif,0,0
PEI_81_70194070.tif,0,0
PEI_81_70194081.tif,0,0
PEI_81_70194092.tif,0,0
PEI_81_70194103.tif,0,0
PEI_81_70194114.tif,0,0
PEI_82_70720253.tif,0,0
PEI_82_70720264.tif,0,0
PEI_82_70720275.tif,0,0
PEI_82_70720286.tif,0,0
PEI_82_70720297.tif,0,0
PEI_82_70720308.tif,0,0
PEI_82_70720319.tif,0,0
PEI_82_70720330.tif,0,0
PEI_82_70720341.tif,0,0
PEI_82_70720352.tif,0,0
PEI_82_70720363.tif,0,0
PEI_82_70720374.tif,0,0
PEI_82_70720385.tif,0,0
PEI_82_70720396.tif,0,0
PEI_82_70720407.tif,0,0
PEI_82_70720418.tif,0,0
PEI_82_70720429.tif,0,0
PEI_82_70720440.tif,0,0
PEI_82_70720451.tif,0,0
PEI_82_70720462.tif,0,0
PEI_82_70720473.tif,0,0
PEI_82_70720484.tif,0,0
PEI_82_70720495.tif,0,0
PEI_82_70720506.tif,0,0
PEI_82_70720517.tif,0,0
PEI_82_70720528.tif,0,0
PEI_82_70720539.tif,0,0
PEI_82_70720550.tif,0,0
PEI_82_70720561.tif,0,0
PEI_82_70720572.tif,0,0
PEI_82_70720583.tif,0,0
PEI_82_70720594.tif,0,0
PEI_82_70720605.tif,0,0
PEI_82_70720616.tif,0,0
PEI_82_70720627.tif,0,0
PEI_82_70720638.tif,0,0
PEI_82_70720649.tif,0,0
PEI_82_70720660.tif,0,0
PEI_82_70720671.tif,0,0
PEI_82_70720682.tif,0,0
PEI_82_70720693.tif,0,0
PEI_82_70720704.tif,0,0
PEI_82_70720715.tif,0,0
PEI_82_70720726.tif,0,0
PEI_82_70720737.tif,0,0
PEI_82_70720748.tif,0,0
PEI_82_70720759.tif,0,0
PEI_82_70720770.tif,0,0
PEI_82_70720781.tif,0,0
PEI_82_70720792.tif,1,1
PEI_82_70720803.tif,1,1
PEI_82_70720814.tif,1,1
PEI_82_70720825.tif,1,1
PEI_82_70720836.tif,1,1
PEI_82_70720847.tif,1,1
PEI_82_70720858.tif,1,1
PEI_82_70720869.tif,1,1
PEI_82_70720880.tif,0,0
PEI_82_70720891.tif,0,0
PEI_82_70720902.tif,0,0
PEI_82_70720913.tif,0,0
PEI_82_70720924.tif,0,0
PEI_82_70720935.tif,0,0
PEI_82_70720946.tif,0,0
PEI_82_70720957.tif,0,0
PEI_82_70720968.tif,0,0
PEI_82_70720979.tif,0,0
PEI_82_70720990.tif,0,0
PEI_82_70721001.tif,0,0
PEI_82_70721012.tif,0,0
PEI_82_70721023.tif,0,0
PEI_82_70721034.tif,0,0
PEI_82_70721045.tif,0,0
PEI_82_70721056.tif,0,0
PEI_82_70721067.tif,0,0
PEI_82_70721078.tif,0,0
PEI_82_70721089.tif,0,0
PEI_82_70721100.tif,0,0
PEI_82_70721111.tif,0,0
PEI_82_70721122.tif,0,0
PEI_82_70721133.tif,0,0
PEI_82_70721144.tif,0,0
PEI_82_70721155.tif,0,0
PEI_82_70721166.tif,0,0
PEI_82_70721177.tif,0,0
PEI_82_70721188.tif,0,0
PEI_82_70721199.tif,0,0
PEI_82_70721210.tif,0,0
PEI_82_70721221.tif,0,0
PEI_82_70721232.tif,0,0
PEI_82_70721243.tif,0,0
PEI_82_70721254.tif,0,0
PEI_82_70721265.tif,0,0
PEI_82_70721276.tif,0,0
PEI_82_70721287.tif,0,0
PEI_82_70721298.tif,0,0
PEI_82_70721309.tif,0,0
PEI_82_70721320.tif,0,0
PEI_82_70721331.tif,0,0
PEI_82_70721342.tif,0,0
PEI_82_70721353.tif,0,0
PEI_82_70721364.tif,0,0
PEI_82_70721375.tif,0,0
PEI_82_70721386.tif,0,0
PEI_82_70721397.tif,0,0
PEI_82_70721408.tif,0,0
PEI_82_70721419.tif,0,0
PEI_82_70721430.tif,0,0
PEI_82_70721441.tif,0,0
PEI_82_70721452.tif,0,0
PEI_82_70721463.tif,0,0
PEI_82_70721474.tif,0,0
PEI_88_75735065.tif,0,0
PEI_88_75735076.tif,0,0
PEI_88_75735087.tif,0,0
PEI_88_75735098.tif,0,0
PEI_88_75735109.tif,0,0
PEI_88_75735120.tif,0,0
PEI_88_75735131.tif,0,0
PEI_88_75735142.tif,0,0
PEI_88_75735153.tif,0,0
PEI_88_75735164.tif,0,0
PEI_88_75735175.tif,0,0
PEI_88_75735186.tif,0,0
PEI_88_75735197.tif,0,0
PEI_88_75735208.tif,0,0
PEI_88_75735219.tif,0,0
PEI_88_75735230.tif,0,0
PEI_88_75735241.tif,0,0
PEI_88_75735252.tif,0,0
PEI_88_75735263.tif,0,0
PEI_88_75735274.tif,0,0
PEI_88_75735285.tif,0,0
PEI_88_75735296.tif,0,0
PEI_88_75735307.tif,0,0
PEI_88_75735318.tif,0,0
PEI_88_75735329.tif,0,0
PEI_88_75735340.tif,0,0
PEI_88_75735351.tif,0,0
PEI_88_75735362.tif,0,0
PEI_88_75735373.tif,0,0
PEI_88_75735384.tif,0,0
PEI_88_75735395.tif,0,0
PEI_88_75735406.tif,0,0
PEI_88_75735417.tif,0,0
PEI_88_75735428.tif,0,0
PEI_88_75735439.tif,0,0
PEI_88_75735450.tif,0,0
PEI_88_75735461.tif,0,0
PEI_88_75735472.tif,0,0
PEI_88_75735483.tif,0,0
PEI_88_75735494.tif,0,0
PEI_88_75735505.tif,0,0
PEI_88_75735516.tif,0,0
PEI_88_75735527.tif,0,0
PEI_88_75735538.tif,0,0
PEI_88_75735549.tif,0,0
PEI_88_75735560.tif,0,0
PEI_88_75735571.tif,0,0
PEI_88_75735582.tif,0,0
PEI_88_75735593.tif,0,0
PEI_88_75735604.tif,0,0
PEI_88_75735615.tif,0,0
PEI_88_75735626.tif,0,0
PEI_88_75735637.tif,0,0
PEI_88_75735648.tif,0,0
PEI_88_75735659.tif,0,0
PEI_88_75735670.tif,0,0
PEI_88_75735681.tif,0,0
PEI_88_75735692.tif,0,0
PEI_88_75735703.tif,0,0
PEI_88_75735714.tif,1,1
PEI_88_75735725.tif,1,1
PEI_88_75735736.tif,1,1
PEI_88_75735747.tif,0,0
PEI_88_75735758.tif,0,0
PEI_88_75735769.tif,0,0
PEI_88_75735780.tif,0,0
PEI_88_75735791.tif,0,0
PEI_88_75735802.tif,0,0
PEI_88_75735813.tif,0,0
PEI_88_75735824.tif,0,0
PEI_88_75735835.tif,0,0
PEI_88_75735846.tif,0,0
PEI_88_75735857.tif,0,0
PEI_88_75735868.tif,0,0
PEI_88_75735879.tif,0,0
PEI_88_75735890.tif,0,0
PEI_88_75735901.tif,0,0
PEI_88_75735912.tif,0,0
PEI_88_75735923.tif,0,0
PEI_88_75735934.tif,0,0
PEI_88_75735945.tif,0,0
PEI_88_75735956.tif,0,0
PEI_88_75735967.tif,0,0
PEI_88_75735978.tif,0,0
PEI_88_75735989.tif,0,0
PEI_88_75736000.tif,0,0
PEI_88_75736011.tif,0,0
PEI_88_75736022.tif,0,0
PEI_88_75736033.tif,0,0
PEI_88_75736044.tif,0,0
PEI_88_75736055.tif,0,0
PEI_88_75736066.tif,0,0
PEI_88_75736077.tif,0,0
PEI_88_75736088.tif,0,0
PEI_88_75736099.tif,0,0
PEI_88_75736110.tif,0,0
PEI_88_75736121.tif,0,0
PEI_88_75736132.tif,0,0
PEI_88_75736143.tif,0,0
PEI_88_75736154.tif,0,0
PEI_88_75736165.tif,0,0
PEI_88_75736176.tif,0,0
PEI_88_75736187.tif,0,0
PEI_88_75736198.tif,0,0
PEI_88_75736209.tif,0,0
PEI_88_75736220.tif,0,0
PEI_88_75736231.tif,0,0
PEI_88_75736242.tif,0,0
PEI_88_75736253.tif,0,0
PEI_88_75736264.tif,0,0
PEI_88_75736275.tif,0,0
PEI_88_75736286.tif,0,0
